GCAM_region_ID,year,Category,global_shares,gdp_pcap,tot_gdp,tot_pop,share_of_richer_pop,score,global_gini
33,1958,d1,0.029,8643,1.15956E+11,13416218,0.9,0.0551,0.2668
33,1958,d2,0.053,8643,1.15956E+11,13416218,0.8,0.0901,0.2668
33,1958,d3,0.066,8643,1.15956E+11,13416218,0.7,0.099,0.2668
33,1958,d4,0.076,8643,1.15956E+11,13416218,0.6,0.0988,0.2668
33,1958,d5,0.087,8643,1.15956E+11,13416218,0.5,0.0957,0.2668
33,1958,d6,0.098,8643,1.15956E+11,13416218,0.4,0.0882,0.2668
33,1958,d7,0.111,8643,1.15956E+11,13416218,0.3,0.0777,0.2668
33,1958,d8,0.127,8643,1.15956E+11,13416218,0.2,0.0635,0.2668
33,1958,d9,0.149,8643,1.15956E+11,13416218,0.1,0.0447,0.2668
33,1958,d10,0.204,8643,1.15956E+11,13416218,0,0.0204,0.2668
33,1965,d1,0.041041041,10362.627,1.46199E+11,14108332,0.9,0.077977978,0.222122122
33,1965,d2,0.06006006,10362.627,1.46199E+11,14108332,0.8,0.102102102,0.222122122
33,1965,d3,0.07007007,10362.627,1.46199E+11,14108332,0.7,0.105105105,0.222122122
33,1965,d4,0.08008008,10362.627,1.46199E+11,14108332,0.6,0.104104104,0.222122122
33,1965,d5,0.09009009,10362.627,1.46199E+11,14108332,0.5,0.099099099,0.222122122
33,1965,d6,0.1001001,10362.627,1.46199E+11,14108332,0.4,0.09009009,0.222122122
33,1965,d7,0.11011011,10362.627,1.46199E+11,14108332,0.3,0.077077077,0.222122122
33,1965,d8,0.123123123,10362.627,1.46199E+11,14108332,0.2,0.061561562,0.222122122
33,1965,d9,0.141141141,10362.627,1.46199E+11,14108332,0.1,0.042342342,0.222122122
33,1965,d10,0.184184184,10362.627,1.46199E+11,14108332,0,0.018418418,0.222122122
33,1967,d1,0.004804548,6909.566606,2.60695E+13,3772962132,0.9,0.009128642,0.657304724
33,1967,d2,0.008596631,6909.566606,2.60695E+13,3772962132,0.8,0.014614273,0.657304724
33,1967,d3,0.011687672,6909.566606,2.60695E+13,3772962132,0.7,0.017531508,0.657304724
33,1967,d4,0.015218451,6909.566606,2.60695E+13,3772962132,0.6,0.019783986,0.657304724
33,1967,d5,0.021060937,6909.566606,2.60695E+13,3772962132,0.5,0.023167031,0.657304724
33,1967,d6,0.03554351,6909.566606,2.60695E+13,3772962132,0.4,0.031989159,0.657304724
33,1967,d7,0.068167842,6909.566606,2.60695E+13,3772962132,0.3,0.04771749,0.657304724
33,1967,d8,0.129214037,6909.566606,2.60695E+13,3772962132,0.2,0.064607018,0.657304724
33,1967,d9,0.217927664,6909.566606,2.60695E+13,3772962132,0.1,0.065378299,0.657304724
33,1967,d10,0.487778708,6909.566606,2.60695E+13,3772962132,0,0.048777871,0.657304724
33,1968,d1,0.003614125,7043.607068,2.6745E+13,3797065922,0.9,0.006866837,0.66492762
33,1968,d2,0.007280647,7043.607068,2.6745E+13,3797065922,0.8,0.0123771,0.66492762
33,1968,d3,0.010547268,7043.607068,2.6745E+13,3797065922,0.7,0.015820902,0.66492762
33,1968,d4,0.014450178,7043.607068,2.6745E+13,3797065922,0.6,0.018785231,0.66492762
33,1968,d5,0.020943831,7043.607068,2.6745E+13,3797065922,0.5,0.023038214,0.66492762
33,1968,d6,0.036063439,7043.607068,2.6745E+13,3797065922,0.4,0.032457095,0.66492762
33,1968,d7,0.069545265,7043.607068,2.6745E+13,3797065922,0.3,0.048681686,0.66492762
33,1968,d8,0.126188062,7043.607068,2.6745E+13,3797065922,0.2,0.063094031,0.66492762
33,1968,d9,0.214072828,7043.607068,2.6745E+13,3797065922,0.1,0.064221848,0.66492762
33,1968,d10,0.497294357,7043.607068,2.6745E+13,3797065922,0,0.049729436,0.66492762
33,1969,d1,0.004997756,7162.387112,2.75567E+13,3847424283,0.9,0.009495736,0.657075391
33,1969,d2,0.0088913,7162.387112,2.75567E+13,3847424283,0.8,0.01511521,0.657075391
33,1969,d3,0.01207481,7162.387112,2.75567E+13,3847424283,0.7,0.018112215,0.657075391
33,1969,d4,0.015602285,7162.387112,2.75567E+13,3847424283,0.6,0.020282971,0.657075391
33,1969,d5,0.021286799,7162.387112,2.75567E+13,3847424283,0.5,0.023415479,0.657075391
33,1969,d6,0.035137471,7162.387112,2.75567E+13,3847424283,0.4,0.031623724,0.657075391
33,1969,d7,0.0673335,7162.387112,2.75567E+13,3847424283,0.3,0.04713345,0.657075391
33,1969,d8,0.128017663,7162.387112,2.75567E+13,3847424283,0.2,0.064008832,0.657075391
33,1969,d9,0.215355755,7162.387112,2.75567E+13,3847424283,0.1,0.064606727,0.657075391
33,1969,d10,0.49130266,7162.387112,2.75567E+13,3847424283,0,0.049130266,0.657075391
33,1970,d1,0.005260271,7244.709808,2.83667E+13,3915500475,0.9,0.009994515,0.650336954
33,1970,d2,0.009459044,7244.709808,2.83667E+13,3915500475,0.8,0.016080374,0.650336954
33,1970,d3,0.012711935,7244.709808,2.83667E+13,3915500475,0.7,0.019067902,0.650336954
33,1970,d4,0.01635554,7244.709808,2.83667E+13,3915500475,0.6,0.021262202,0.650336954
33,1970,d5,0.021878341,7244.709808,2.83667E+13,3915500475,0.5,0.024066175,0.650336954
33,1970,d6,0.035579295,7244.709808,2.83667E+13,3915500475,0.4,0.032021365,0.650336954
33,1970,d7,0.068180183,7244.709808,2.83667E+13,3915500475,0.3,0.047726128,0.650336954
33,1970,d8,0.131113309,7244.709808,2.83667E+13,3915500475,0.2,0.065556654,0.650336954
33,1970,d9,0.219707609,7244.709808,2.83667E+13,3915500475,0.1,0.065912283,0.650336954
33,1970,d10,0.479754474,7244.709808,2.83667E+13,3915500475,0,0.047975447,0.650336954
33,1971,d1,0.005222123,7308.898648,2.89548E+13,3961583795,0.9,0.009922034,0.652936621
33,1971,d2,0.009306891,7308.898648,2.89548E+13,3961583795,0.8,0.015821714,0.652936621
33,1971,d3,0.012479803,7308.898648,2.89548E+13,3961583795,0.7,0.018719704,0.652936621
33,1971,d4,0.016019821,7308.898648,2.89548E+13,3961583795,0.6,0.020825767,0.652936621
33,1971,d5,0.021372834,7308.898648,2.89548E+13,3961583795,0.5,0.023510118,0.652936621
33,1971,d6,0.034967496,7308.898648,2.89548E+13,3961583795,0.4,0.031470747,0.652936621
33,1971,d7,0.067301527,7308.898648,2.89548E+13,3961583795,0.3,0.047111069,0.652936621
33,1971,d8,0.131070149,7308.898648,2.89548E+13,3961583795,0.2,0.065535075,0.652936621
33,1971,d9,0.21960608,7308.898648,2.89548E+13,3961583795,0.1,0.065881824,0.652936621
33,1971,d10,0.482653276,7308.898648,2.89548E+13,3961583795,0,0.048265328,0.652936621
33,1972,d1,0.005254496,7451.390321,2.99871E+13,4024363006,0.9,0.009983542,0.653992696
33,1972,d2,0.009247546,7451.390321,2.99871E+13,4024363006,0.8,0.015720827,0.653992696
33,1972,d3,0.012304116,7451.390321,2.99871E+13,4024363006,0.7,0.018456174,0.653992696
33,1972,d4,0.015849767,7451.390321,2.99871E+13,4024363006,0.6,0.020604697,0.653992696
33,1972,d5,0.021148088,7451.390321,2.99871E+13,4024363006,0.5,0.023262897,0.653992696
33,1972,d6,0.034779058,7451.390321,2.99871E+13,4024363006,0.4,0.031301152,0.653992696
33,1972,d7,0.067331472,7451.390321,2.99871E+13,4024363006,0.3,0.04713203,0.653992696
33,1972,d8,0.130970453,7451.390321,2.99871E+13,4024363006,0.2,0.065485226,0.653992696
33,1972,d9,0.218746286,7451.390321,2.99871E+13,4024363006,0.1,0.065623886,0.653992696
33,1972,d10,0.484368719,7451.390321,2.99871E+13,4024363006,0,0.048436872,0.653992696
33,1973,d1,0.005289286,7647.97377,3.13635E+13,4100892539,0.9,0.010049643,0.655642818
33,1973,d2,0.009183792,7647.97377,3.13635E+13,4100892539,0.8,0.015612447,0.655642818
33,1973,d3,0.012242285,7647.97377,3.13635E+13,4100892539,0.7,0.018363428,0.655642818
33,1973,d4,0.015791799,7647.97377,3.13635E+13,4100892539,0.6,0.020529338,0.655642818
33,1973,d5,0.02121541,7647.97377,3.13635E+13,4100892539,0.5,0.023336951,0.655642818
33,1973,d6,0.034590691,7647.97377,3.13635E+13,4100892539,0.4,0.031131622,0.655642818
33,1973,d7,0.066624712,7647.97377,3.13635E+13,4100892539,0.3,0.046637298,0.655642818
33,1973,d8,0.129319362,7647.97377,3.13635E+13,4100892539,0.2,0.064659681,0.655642818
33,1973,d9,0.217312541,7647.97377,3.13635E+13,4100892539,0.1,0.065193762,0.655642818
33,1973,d10,0.488430123,7647.97377,3.13635E+13,4100892539,0,0.048843012,0.655642818
33,1974,d1,0.005538174,7648.898567,3.17444E+13,4150189959,0.9,0.010522531,0.654643335
33,1974,d2,0.009468287,7648.898567,3.17444E+13,4150189959,0.8,0.016096088,0.654643335
33,1974,d3,0.012603869,7648.898567,3.17444E+13,4150189959,0.7,0.018905803,0.654643335
33,1974,d4,0.016175231,7648.898567,3.17444E+13,4150189959,0.6,0.021027801,0.654643335
33,1974,d5,0.021574096,7648.898567,3.17444E+13,4150189959,0.5,0.023731505,0.654643335
33,1974,d6,0.03442936,7648.898567,3.17444E+13,4150189959,0.4,0.030986424,0.654643335
33,1974,d7,0.06552712,7648.898567,3.17444E+13,4150189959,0.3,0.045868984,0.654643335
33,1974,d8,0.128101575,7648.898567,3.17444E+13,4150189959,0.2,0.064050787,0.654643335
33,1974,d9,0.217542565,7648.898567,3.17444E+13,4150189959,0.1,0.06526277,0.654643335
33,1974,d10,0.489039723,7648.898567,3.17444E+13,4150189959,0,0.048903972,0.654643335
33,1975,d1,0.005066585,7662.244845,3.22809E+13,4212980211,0.9,0.009626511,0.653593926
33,1975,d2,0.009078262,7662.244845,3.22809E+13,4212980211,0.8,0.015433046,0.653593926
33,1975,d3,0.012614067,7662.244845,3.22809E+13,4212980211,0.7,0.018921101,0.653593926
33,1975,d4,0.016514201,7662.244845,3.22809E+13,4212980211,0.6,0.021468461,0.653593926
33,1975,d5,0.022421795,7662.244845,3.22809E+13,4212980211,0.5,0.024663975,0.653593926
33,1975,d6,0.036132999,7662.244845,3.22809E+13,4212980211,0.4,0.032519699,0.653593926
33,1975,d7,0.066500542,7662.244845,3.22809E+13,4212980211,0.3,0.046550379,0.653593926
33,1975,d8,0.127500989,7662.244845,3.22809E+13,4212980211,0.2,0.063750494,0.653593926
33,1975,d9,0.215276753,7662.244845,3.22809E+13,4212980211,0.1,0.064583026,0.653593926
33,1975,d10,0.488893807,7662.244845,3.22809E+13,4212980211,0,0.048889381,0.653593926
33,1976,d1,0.0053989,7816.22717,3.35302E+13,4289815501,0.9,0.010257911,0.652038162
33,1976,d2,0.009700243,7816.22717,3.35302E+13,4289815501,0.8,0.016490414,0.652038162
33,1976,d3,0.013089521,7816.22717,3.35302E+13,4289815501,0.7,0.019634281,0.652038162
33,1976,d4,0.016744214,7816.22717,3.35302E+13,4289815501,0.6,0.021767478,0.652038162
33,1976,d5,0.022287006,7816.22717,3.35302E+13,4289815501,0.5,0.024515707,0.652038162
33,1976,d6,0.034872618,7816.22717,3.35302E+13,4289815501,0.4,0.031385356,0.652038162
33,1976,d7,0.06617154,7816.22717,3.35302E+13,4289815501,0.3,0.046320078,0.652038162
33,1976,d8,0.12806257,7816.22717,3.35302E+13,4289815501,0.2,0.064031285,0.652038162
33,1976,d9,0.215959947,7816.22717,3.35302E+13,4289815501,0.1,0.064787984,0.652038162
33,1976,d10,0.48771344,7816.22717,3.35302E+13,4289815501,0,0.048771344,0.652038162
33,1977,d1,0.005744793,7907.058373,3.42947E+13,4337230036,0.9,0.010915107,0.653014998
33,1977,d2,0.010106741,7907.058373,3.42947E+13,4337230036,0.8,0.01718146,0.653014998
33,1977,d3,0.013492083,7907.058373,3.42947E+13,4337230036,0.7,0.020238124,0.653014998
33,1977,d4,0.016917946,7907.058373,3.42947E+13,4337230036,0.6,0.02199333,0.653014998
33,1977,d5,0.021498957,7907.058373,3.42947E+13,4337230036,0.5,0.023648852,0.653014998
33,1977,d6,0.032475974,7907.058373,3.42947E+13,4337230036,0.4,0.029228377,0.653014998
33,1977,d7,0.064922792,7907.058373,3.42947E+13,4337230036,0.3,0.045445954,0.653014998
33,1977,d8,0.128576543,7907.058373,3.42947E+13,4337230036,0.2,0.064288271,0.653014998
33,1977,d9,0.217095546,7907.058373,3.42947E+13,4337230036,0.1,0.065128664,0.653014998
33,1977,d10,0.489168626,7907.058373,3.42947E+13,4337230036,0,0.048916863,0.653014998
33,1978,d1,0.005772836,8068.915689,3.55133E+13,4401244076,0.9,0.010968388,0.6509814
33,1978,d2,0.010190107,8068.915689,3.55133E+13,4401244076,0.8,0.017323182,0.6509814
33,1978,d3,0.01379986,8068.915689,3.55133E+13,4401244076,0.7,0.02069979,0.6509814
33,1978,d4,0.017514406,8068.915689,3.55133E+13,4401244076,0.6,0.022768728,0.6509814
33,1978,d5,0.022579451,8068.915689,3.55133E+13,4401244076,0.5,0.024837396,0.6509814
33,1978,d6,0.034046729,8068.915689,3.55133E+13,4401244076,0.4,0.030642056,0.6509814
33,1978,d7,0.063945148,8068.915689,3.55133E+13,4401244076,0.3,0.044761604,0.6509814
33,1978,d8,0.126298918,8068.915689,3.55133E+13,4401244076,0.2,0.063149459,0.6509814
33,1978,d9,0.216413713,8068.915689,3.55133E+13,4401244076,0.1,0.064924114,0.6509814
33,1978,d10,0.489438831,8068.915689,3.55133E+13,4401244076,0,0.048943883,0.6509814
33,1979,d1,0.00570088,8202.058925,3.66176E+13,4464441164,0.9,0.010831673,0.650630897
33,1979,d2,0.010108057,8202.058925,3.66176E+13,4464441164,0.8,0.017183696,0.650630897
33,1979,d3,0.013813957,8202.058925,3.66176E+13,4464441164,0.7,0.020720935,0.650630897
33,1979,d4,0.017661985,8202.058925,3.66176E+13,4464441164,0.6,0.02296058,0.650630897
33,1979,d5,0.023051692,8202.058925,3.66176E+13,4464441164,0.5,0.025356862,0.650630897
33,1979,d6,0.035121187,8202.058925,3.66176E+13,4464441164,0.4,0.031609068,0.650630897
33,1979,d7,0.063674604,8202.058925,3.66176E+13,4464441164,0.3,0.044572223,0.650630897
33,1979,d8,0.124722333,8202.058925,3.66176E+13,4464441164,0.2,0.062361167,0.650630897
33,1979,d9,0.215791845,8202.058925,3.66176E+13,4464441164,0.1,0.064737553,0.650630897
33,1979,d10,0.490353461,8202.058925,3.66176E+13,4464441164,0,0.049035346,0.650630897
33,1980,d1,0.005764377,8250.139916,3.74805E+13,4543013066,0.9,0.010952317,0.647073162
33,1980,d2,0.010331638,8250.139916,3.74805E+13,4543013066,0.8,0.017563785,0.647073162
33,1980,d3,0.014043443,8250.139916,3.74805E+13,4543013066,0.7,0.021065165,0.647073162
33,1980,d4,0.018109854,8250.139916,3.74805E+13,4543013066,0.6,0.023542811,0.647073162
33,1980,d5,0.023614404,8250.139916,3.74805E+13,4543013066,0.5,0.025975845,0.647073162
33,1980,d6,0.035829403,8250.139916,3.74805E+13,4543013066,0.4,0.032246463,0.647073162
33,1980,d7,0.064651253,8250.139916,3.74805E+13,4543013066,0.3,0.045255877,0.647073162
33,1980,d8,0.126047923,8250.139916,3.74805E+13,4543013066,0.2,0.063023962,0.647073162
33,1980,d9,0.215699222,8250.139916,3.74805E+13,4543013066,0.1,0.064709766,0.647073162
33,1980,d10,0.485908482,8250.139916,3.74805E+13,4543013066,0,0.048590848,0.647073162
33,1981,d1,0.005961179,8214.782245,3.77783E+13,4598823803,0.9,0.01132624,0.647838691
33,1981,d2,0.010377246,8214.782245,3.77783E+13,4598823803,0.8,0.017641318,0.647838691
33,1981,d3,0.013927474,8214.782245,3.77783E+13,4598823803,0.7,0.020891211,0.647838691
33,1981,d4,0.018028266,8214.782245,3.77783E+13,4598823803,0.6,0.023436746,0.647838691
33,1981,d5,0.023886905,8214.782245,3.77783E+13,4598823803,0.5,0.026275596,0.647838691
33,1981,d6,0.03657475,8214.782245,3.77783E+13,4598823803,0.4,0.032917275,0.647838691
33,1981,d7,0.062981494,8214.782245,3.77783E+13,4598823803,0.3,0.044087046,0.647838691
33,1981,d8,0.123962464,8214.782245,3.77783E+13,4598823803,0.2,0.061981232,0.647838691
33,1981,d9,0.215873126,8214.782245,3.77783E+13,4598823803,0.1,0.064761938,0.647838691
33,1981,d10,0.488427097,8214.782245,3.77783E+13,4598823803,0,0.04884271,0.647838691
33,1982,d1,0.006112105,8195.712236,3.81977E+13,4660689647,0.9,0.011613,0.643650952
33,1982,d2,0.010811325,8195.712236,3.81977E+13,4660689647,0.8,0.018379252,0.643650952
33,1982,d3,0.014932441,8195.712236,3.81977E+13,4660689647,0.7,0.022398661,0.643650952
33,1982,d4,0.019156184,8195.712236,3.81977E+13,4660689647,0.6,0.024903039,0.643650952
33,1982,d5,0.024964955,8195.712236,3.81977E+13,4660689647,0.5,0.027461451,0.643650952
33,1982,d6,0.036566006,8195.712236,3.81977E+13,4660689647,0.4,0.032909406,0.643650952
33,1982,d7,0.062607776,8195.712236,3.81977E+13,4660689647,0.3,0.043825443,0.643650952
33,1982,d8,0.123299899,8195.712236,3.81977E+13,4660689647,0.2,0.061649949,0.643650952
33,1982,d9,0.215269574,8195.712236,3.81977E+13,4660689647,0.1,0.064580872,0.643650952
33,1982,d10,0.486279734,8195.712236,3.81977E+13,4660689647,0,0.048627973,0.643650952
33,1983,d1,0.006093451,8259.038287,3.90661E+13,4730104953,0.9,0.011577556,0.644193009
33,1983,d2,0.010843239,8259.038287,3.90661E+13,4730104953,0.8,0.018433506,0.644193009
33,1983,d3,0.015012204,8259.038287,3.90661E+13,4730104953,0.7,0.022518305,0.644193009
33,1983,d4,0.019212276,8259.038287,3.90661E+13,4730104953,0.6,0.024975959,0.644193009
33,1983,d5,0.025099387,8259.038287,3.90661E+13,4730104953,0.5,0.027609326,0.644193009
33,1983,d6,0.037265322,8259.038287,3.90661E+13,4730104953,0.4,0.03353879,0.644193009
33,1983,d7,0.061224558,8259.038287,3.90661E+13,4730104953,0.3,0.04285719,0.644193009
33,1983,d8,0.121854196,8259.038287,3.90661E+13,4730104953,0.2,0.060927098,0.644193009
33,1983,d9,0.215148618,8259.038287,3.90661E+13,4730104953,0.1,0.064544585,0.644193009
33,1983,d10,0.48824675,8259.038287,3.90661E+13,4730104953,0,0.048824675,0.644193009
33,1984,d1,0.006313399,8446.288327,4.059E+13,4805665180,0.9,0.011995458,0.644316462
33,1984,d2,0.011051814,8446.288327,4.059E+13,4805665180,0.8,0.018788083,0.644316462
33,1984,d3,0.015050814,8446.288327,4.059E+13,4805665180,0.7,0.022576221,0.644316462
33,1984,d4,0.019590462,8446.288327,4.059E+13,4805665180,0.6,0.0254676,0.644316462
33,1984,d5,0.025444836,8446.288327,4.059E+13,4805665180,0.5,0.02798932,0.644316462
33,1984,d6,0.037652223,8446.288327,4.059E+13,4805665180,0.4,0.033887001,0.644316462
33,1984,d7,0.060090157,8446.288327,4.059E+13,4805665180,0.3,0.04206311,0.644316462
33,1984,d8,0.119035718,8446.288327,4.059E+13,4805665180,0.2,0.059517859,0.644316462
33,1984,d9,0.214109146,8446.288327,4.059E+13,4805665180,0.1,0.064232744,0.644316462
33,1984,d10,0.491661431,8446.288327,4.059E+13,4805665180,0,0.049166143,0.644316462
33,1985,d1,0.005922277,8607.119739,4.21146E+13,4892992829,0.9,0.011252326,0.644854247
33,1985,d2,0.010732118,8607.119739,4.21146E+13,4892992829,0.8,0.0182446,0.644854247
33,1985,d3,0.014663259,8607.119739,4.21146E+13,4892992829,0.7,0.021994888,0.644854247
33,1985,d4,0.019185304,8607.119739,4.21146E+13,4892992829,0.6,0.024940896,0.644854247
33,1985,d5,0.025707391,8607.119739,4.21146E+13,4892992829,0.5,0.02827813,0.644854247
33,1985,d6,0.038255811,8607.119739,4.21146E+13,4892992829,0.4,0.03443023,0.644854247
33,1985,d7,0.063609533,8607.119739,4.21146E+13,4892992829,0.3,0.044526673,0.644854247
33,1985,d8,0.117439465,8607.119739,4.21146E+13,4892992829,0.2,0.058719732,0.644854247
33,1985,d9,0.211548968,8607.119739,4.21146E+13,4892992829,0.1,0.063464691,0.644854247
33,1985,d10,0.492935874,8607.119739,4.21146E+13,4892992829,0,0.049293587,0.644854247
33,1986,d1,0.005960389,8707.903013,4.31607E+13,4956497071,0.9,0.01132474,0.644928388
33,1986,d2,0.010767249,8707.903013,4.31607E+13,4956497071,0.8,0.018304324,0.644928388
33,1986,d3,0.014871011,8707.903013,4.31607E+13,4956497071,0.7,0.022306517,0.644928388
33,1986,d4,0.019482632,8707.903013,4.31607E+13,4956497071,0.6,0.025327422,0.644928388
33,1986,d5,0.026002444,8707.903013,4.31607E+13,4956497071,0.5,0.028602689,0.644928388
33,1986,d6,0.037893852,8707.903013,4.31607E+13,4956497071,0.4,0.034104467,0.644928388
33,1986,d7,0.06255678,8707.903013,4.31607E+13,4956497071,0.3,0.043789746,0.644928388
33,1986,d8,0.116071149,8707.903013,4.31607E+13,4956497071,0.2,0.058035574,0.644928388
33,1986,d9,0.213183418,8707.903013,4.31607E+13,4956497071,0.1,0.063955025,0.644928388
33,1986,d10,0.493211074,8707.903013,4.31607E+13,4956497071,0,0.049321107,0.644928388
33,1987,d1,0.006248892,8855.110765,4.46389E+13,5041034453,0.9,0.011872895,0.644214702
33,1987,d2,0.011169135,8855.110765,4.46389E+13,5041034453,0.8,0.01898753,0.644214702
33,1987,d3,0.015459227,8855.110765,4.46389E+13,5041034453,0.7,0.023188841,0.644214702
33,1987,d4,0.020503922,8855.110765,4.46389E+13,5041034453,0.6,0.026655098,0.644214702
33,1987,d5,0.027025713,8855.110765,4.46389E+13,5041034453,0.5,0.029728284,0.644214702
33,1987,d6,0.03809374,8855.110765,4.46389E+13,5041034453,0.4,0.034284366,0.644214702
33,1987,d7,0.05933624,8855.110765,4.46389E+13,5041034453,0.3,0.041535368,0.644214702
33,1987,d8,0.113413875,8855.110765,4.46389E+13,5041034453,0.2,0.056706938,0.644214702
33,1987,d9,0.209755272,8855.110765,4.46389E+13,5041034453,0.1,0.062926582,0.644214702
33,1987,d10,0.498993985,8855.110765,4.46389E+13,5041034453,0,0.049899399,0.644214702
33,1988,d1,0.005637242,9058.199359,4.65402E+13,5137906958,0.9,0.010710761,0.646990447
33,1988,d2,0.010418963,9058.199359,4.65402E+13,5137906958,0.8,0.017712238,0.646990447
33,1988,d3,0.014561474,9058.199359,4.65402E+13,5137906958,0.7,0.021842211,0.646990447
33,1988,d4,0.019355253,9058.199359,4.65402E+13,5137906958,0.6,0.025161828,0.646990447
33,1988,d5,0.026221443,9058.199359,4.65402E+13,5137906958,0.5,0.028843587,0.646990447
33,1988,d6,0.038717476,9058.199359,4.65402E+13,5137906958,0.4,0.034845728,0.646990447
33,1988,d7,0.064800068,9058.199359,4.65402E+13,5137906958,0.3,0.045360048,0.646990447
33,1988,d8,0.112254571,9058.199359,4.65402E+13,5137906958,0.2,0.056127286,0.646990447
33,1988,d9,0.20801258,9058.199359,4.65402E+13,5137906958,0.1,0.062403774,0.646990447
33,1988,d10,0.50002093,9058.199359,4.65402E+13,5137906958,0,0.050002093,0.646990447
33,1989,d1,0.005841386,9183.133649,4.816E+13,5244392448,0.9,0.011098634,0.645881122
33,1989,d2,0.011123777,9183.133649,4.816E+13,5244392448,0.8,0.01891042,0.645881122
33,1989,d3,0.015271471,9183.133649,4.816E+13,5244392448,0.7,0.022907206,0.645881122
33,1989,d4,0.019803859,9183.133649,4.816E+13,5244392448,0.6,0.025745016,0.645881122
33,1989,d5,0.026338861,9183.133649,4.816E+13,5244392448,0.5,0.028972747,0.645881122
33,1989,d6,0.038531088,9183.133649,4.816E+13,5244392448,0.4,0.034677979,0.645881122
33,1989,d7,0.062647872,9183.133649,4.816E+13,5244392448,0.3,0.043853511,0.645881122
33,1989,d8,0.111635336,9183.133649,4.816E+13,5244392448,0.2,0.055817668,0.645881122
33,1989,d9,0.206275309,9183.133649,4.816E+13,5244392448,0.1,0.061882593,0.645881122
33,1989,d10,0.502531042,9183.133649,4.816E+13,5244392448,0,0.050253104,0.645881122
33,1990,d1,0.005448573,8980.071802,4.73987E+13,5278204499,0.9,0.010352288,0.664165727
33,1990,d2,0.009809506,8980.071802,4.73987E+13,5278204499,0.8,0.01667616,0.664165727
33,1990,d3,0.013554776,8980.071802,4.73987E+13,5278204499,0.7,0.020332164,0.664165727
33,1990,d4,0.017599085,8980.071802,4.73987E+13,5278204499,0.6,0.022878811,0.664165727
33,1990,d5,0.022939171,8980.071802,4.73987E+13,5278204499,0.5,0.025233088,0.664165727
33,1990,d6,0.03516337,8980.071802,4.73987E+13,5278204499,0.4,0.031647033,0.664165727
33,1990,d7,0.055878997,8980.071802,4.73987E+13,5278204499,0.3,0.039115298,0.664165727
33,1990,d8,0.109345141,8980.071802,4.73987E+13,5278204499,0.2,0.054672571,0.664165727
33,1990,d9,0.209503612,8980.071802,4.73987E+13,5278204499,0.1,0.062851084,0.664165727
33,1990,d10,0.520757769,8980.071802,4.73987E+13,5278204499,0,0.052075777,0.664165727
33,1991,d1,0.005498114,8973.521755,4.80278E+13,5352170020,0.9,0.010446417,0.661779411
33,1991,d2,0.010121722,8973.521755,4.80278E+13,5352170020,0.8,0.017206928,0.661779411
33,1991,d3,0.013669296,8973.521755,4.80278E+13,5352170020,0.7,0.020503944,0.661779411
33,1991,d4,0.017725013,8973.521755,4.80278E+13,5352170020,0.6,0.023042517,0.661779411
33,1991,d5,0.02330339,8973.521755,4.80278E+13,5352170020,0.5,0.025633729,0.661779411
33,1991,d6,0.035979778,8973.521755,4.80278E+13,5352170020,0.4,0.0323818,0.661779411
33,1991,d7,0.05787367,8973.521755,4.80278E+13,5352170020,0.3,0.040511569,0.661779411
33,1991,d8,0.108500484,8973.521755,4.80278E+13,5352170020,0.2,0.054250242,0.661779411
33,1991,d9,0.20755295,8973.521755,4.80278E+13,5352170020,0.1,0.062265885,0.661779411
33,1991,d10,0.519775582,8973.521755,4.80278E+13,5352170020,0,0.051977558,0.661779411
33,1992,d1,0.006320425,9002.225331,4.9291E+13,5475420267,0.9,0.012008808,0.654010788
33,1992,d2,0.011908725,9002.225331,4.9291E+13,5475420267,0.8,0.020244833,0.654010788
33,1992,d3,0.015804196,9002.225331,4.9291E+13,5475420267,0.7,0.023706294,0.654010788
33,1992,d4,0.019701179,9002.225331,4.9291E+13,5475420267,0.6,0.025611533,0.654010788
33,1992,d5,0.024689922,9002.225331,4.9291E+13,5475420267,0.5,0.027158915,0.654010788
33,1992,d6,0.035382617,9002.225331,4.9291E+13,5475420267,0.4,0.031844355,0.654010788
33,1992,d7,0.057062573,9002.225331,4.9291E+13,5475420267,0.3,0.039943801,0.654010788
33,1992,d8,0.105227513,9002.225331,4.9291E+13,5475420267,0.2,0.052613757,0.654010788
33,1992,d9,0.202333159,9002.225331,4.9291E+13,5475420267,0.1,0.060699948,0.654010788
33,1992,d10,0.52156969,9002.225331,4.9291E+13,5475420267,0,0.052156969,0.654010788
33,1993,d1,0.006106351,9054.651406,4.98398E+13,5504335180,0.9,0.011602068,0.657827645
33,1993,d2,0.011602959,9054.651406,4.98398E+13,5504335180,0.8,0.01972503,0.657827645
33,1993,d3,0.015824744,9054.651406,4.98398E+13,5504335180,0.7,0.023737116,0.657827645
33,1993,d4,0.019887597,9054.651406,4.98398E+13,5504335180,0.6,0.025853877,0.657827645
33,1993,d5,0.024729434,9054.651406,4.98398E+13,5504335180,0.5,0.027202377,0.657827645
33,1993,d6,0.035345584,9054.651406,4.98398E+13,5504335180,0.4,0.031811025,0.657827645
33,1993,d7,0.057185295,9054.651406,4.98398E+13,5504335180,0.3,0.040029707,0.657827645
33,1993,d8,0.098372798,9054.651406,4.98398E+13,5504335180,0.2,0.049186399,0.657827645
33,1993,d9,0.199651162,9054.651406,4.98398E+13,5504335180,0.1,0.059895349,0.657827645
33,1993,d10,0.531294075,9054.651406,4.98398E+13,5504335180,0,0.053129407,0.657827645
33,1994,d1,0.005538873,9205.655106,5.17887E+13,5625743880,0.9,0.010523859,0.656569368
33,1994,d2,0.010590336,9205.655106,5.17887E+13,5625743880,0.8,0.018003571,0.656569368
33,1994,d3,0.014752803,9205.655106,5.17887E+13,5625743880,0.7,0.022129205,0.656569368
33,1994,d4,0.019535112,9205.655106,5.17887E+13,5625743880,0.6,0.025395646,0.656569368
33,1994,d5,0.025490963,9205.655106,5.17887E+13,5625743880,0.5,0.028040059,0.656569368
33,1994,d6,0.037177091,9205.655106,5.17887E+13,5625743880,0.4,0.033459381,0.656569368
33,1994,d7,0.061514978,9205.655106,5.17887E+13,5625743880,0.3,0.043060485,0.656569368
33,1994,d8,0.101473813,9205.655106,5.17887E+13,5625743880,0.2,0.050736906,0.656569368
33,1994,d9,0.198444586,9205.655106,5.17887E+13,5625743880,0.1,0.059533376,0.656569368
33,1994,d10,0.525481446,9205.655106,5.17887E+13,5625743880,0,0.052548145,0.656569368
33,1995,d1,0.005994424,9347.874877,5.34942E+13,5722603072,0.9,0.011389405,0.652396692
33,1995,d2,0.011359955,9347.874877,5.34942E+13,5722603072,0.8,0.019311924,0.652396692
33,1995,d3,0.016080451,9347.874877,5.34942E+13,5722603072,0.7,0.024120677,0.652396692
33,1995,d4,0.02070737,9347.874877,5.34942E+13,5722603072,0.6,0.026919581,0.652396692
33,1995,d5,0.027300223,9347.874877,5.34942E+13,5722603072,0.5,0.030030246,0.652396692
33,1995,d6,0.037787671,9347.874877,5.34942E+13,5722603072,0.4,0.034008904,0.652396692
33,1995,d7,0.058762067,9347.874877,5.34942E+13,5722603072,0.3,0.041133447,0.652396692
33,1995,d8,0.098962543,9347.874877,5.34942E+13,5722603072,0.2,0.049481271,0.652396692
33,1995,d9,0.194516619,9347.874877,5.34942E+13,5722603072,0.1,0.058354986,0.652396692
33,1995,d10,0.528528677,9347.874877,5.34942E+13,5722603072,0,0.052852868,0.652396692
33,1996,d1,0.006179122,9534.606475,5.45702E+13,5723378508,0.9,0.011740332,0.649642181
33,1996,d2,0.01218948,9534.606475,5.45702E+13,5723378508,0.8,0.020722117,0.649642181
33,1996,d3,0.016912915,9534.606475,5.45702E+13,5723378508,0.7,0.025369372,0.649642181
33,1996,d4,0.021657759,9534.606475,5.45702E+13,5723378508,0.6,0.028155087,0.649642181
33,1996,d5,0.027758932,9534.606475,5.45702E+13,5723378508,0.5,0.030534826,0.649642181
33,1996,d6,0.037851198,9534.606475,5.45702E+13,5723378508,0.4,0.034066078,0.649642181
33,1996,d7,0.057613842,9534.606475,5.45702E+13,5723378508,0.3,0.04032969,0.649642181
33,1996,d8,0.096295678,9534.606475,5.45702E+13,5723378508,0.2,0.048147839,0.649642181
33,1996,d9,0.194691858,9534.606475,5.45702E+13,5723378508,0.1,0.058407557,0.649642181
33,1996,d10,0.528849215,9534.606475,5.45702E+13,5723378508,0,0.052884922,0.649642181
33,1997,d1,0.005852383,9771.340565,5.71588E+13,5849632443,0.9,0.011119527,0.644846976
33,1997,d2,0.01187786,9771.340565,5.71588E+13,5849632443,0.8,0.020192362,0.644846976
33,1997,d3,0.016851127,9771.340565,5.71588E+13,5849632443,0.7,0.02527669,0.644846976
33,1997,d4,0.021817549,9771.340565,5.71588E+13,5849632443,0.6,0.028362814,0.644846976
33,1997,d5,0.028450118,9771.340565,5.71588E+13,5849632443,0.5,0.03129513,0.644846976
33,1997,d6,0.039679363,9771.340565,5.71588E+13,5849632443,0.4,0.035711427,0.644846976
33,1997,d7,0.059854564,9771.340565,5.71588E+13,5849632443,0.3,0.041898195,0.644846976
33,1997,d8,0.100909345,9771.340565,5.71588E+13,5849632443,0.2,0.050454672,0.644846976
33,1997,d9,0.196857192,9771.340565,5.71588E+13,5849632443,0.1,0.059057158,0.644846976
33,1997,d10,0.5178505,9771.340565,5.71588E+13,5849632443,0,0.05178505,0.644846976
33,1998,d1,0.005689491,9912.974059,5.82541E+13,5876548311,0.9,0.010810033,0.647923125
33,1998,d2,0.011705164,9912.974059,5.82541E+13,5876548311,0.8,0.019898779,0.647923125
33,1998,d3,0.016683763,9912.974059,5.82541E+13,5876548311,0.7,0.025025644,0.647923125
33,1998,d4,0.021912974,9912.974059,5.82541E+13,5876548311,0.6,0.028486866,0.647923125
33,1998,d5,0.028504303,9912.974059,5.82541E+13,5876548311,0.5,0.031354734,0.647923125
33,1998,d6,0.039554432,9912.974059,5.82541E+13,5876548311,0.4,0.035598989,0.647923125
33,1998,d7,0.059384396,9912.974059,5.82541E+13,5876548311,0.3,0.041569077,0.647923125
33,1998,d8,0.099125933,9912.974059,5.82541E+13,5876548311,0.2,0.049562967,0.647923125
33,1998,d9,0.190129164,9912.974059,5.82541E+13,5876548311,0.1,0.057038749,0.647923125
33,1998,d10,0.527310379,9912.974059,5.82541E+13,5876548311,0,0.052731038,0.647923125
33,1999,d1,0.005914445,10118.51519,6.0526E+13,5981710887,0.9,0.011237446,0.646545285
33,1999,d2,0.011606663,10118.51519,6.0526E+13,5981710887,0.8,0.019731328,0.646545285
33,1999,d3,0.016789185,10118.51519,6.0526E+13,5981710887,0.7,0.025183778,0.646545285
33,1999,d4,0.022125846,10118.51519,6.0526E+13,5981710887,0.6,0.0287636,0.646545285
33,1999,d5,0.029382815,10118.51519,6.0526E+13,5981710887,0.5,0.032321096,0.646545285
33,1999,d6,0.040116965,10118.51519,6.0526E+13,5981710887,0.4,0.036105269,0.646545285
33,1999,d7,0.059835539,10118.51519,6.0526E+13,5981710887,0.3,0.041884878,0.646545285
33,1999,d8,0.098027178,10118.51519,6.0526E+13,5981710887,0.2,0.049013589,0.646545285
33,1999,d9,0.187967979,10118.51519,6.0526E+13,5981710887,0.1,0.056390394,0.646545285
33,1999,d10,0.528233384,10118.51519,6.0526E+13,5981710887,0,0.052823338,0.646545285
33,2000,d1,0.005451554,10486.45178,6.31242E+13,6019591651,0.9,0.010357953,0.644914388
33,2000,d2,0.011221036,10486.45178,6.31242E+13,6019591651,0.8,0.01907576,0.644914388
33,2000,d3,0.016688741,10486.45178,6.31242E+13,6019591651,0.7,0.025033111,0.644914388
33,2000,d4,0.022205728,10486.45178,6.31242E+13,6019591651,0.6,0.028867446,0.644914388
33,2000,d5,0.029834727,10486.45178,6.31242E+13,6019591651,0.5,0.0328182,0.644914388
33,2000,d6,0.040703835,10486.45178,6.31242E+13,6019591651,0.4,0.036633451,0.644914388
33,2000,d7,0.061365942,10486.45178,6.31242E+13,6019591651,0.3,0.042956159,0.644914388
33,2000,d8,0.099820261,10486.45178,6.31242E+13,6019591651,0.2,0.049910131,0.644914388
33,2000,d9,0.190812914,10486.45178,6.31242E+13,6019591651,0.1,0.057243874,0.644914388
33,2000,d10,0.521895262,10486.45178,6.31242E+13,6019591651,0,0.052189526,0.644914388
33,2001,d1,0.005909926,10605.24605,6.47606E+13,6106469086,0.9,0.011228859,0.637264343
33,2001,d2,0.011727937,10605.24605,6.47606E+13,6106469086,0.8,0.019937492,0.637264343
33,2001,d3,0.017829903,10605.24605,6.47606E+13,6106469086,0.7,0.026744854,0.637264343
33,2001,d4,0.02388926,10605.24605,6.47606E+13,6106469086,0.6,0.031056038,0.637264343
33,2001,d5,0.031926711,10605.24605,6.47606E+13,6106469086,0.5,0.035119382,0.637264343
33,2001,d6,0.042974264,10605.24605,6.47606E+13,6106469086,0.4,0.038676837,0.637264343
33,2001,d7,0.061501071,10605.24605,6.47606E+13,6106469086,0.3,0.04305075,0.637264343
33,2001,d8,0.097644927,10605.24605,6.47606E+13,6106469086,0.2,0.048822464,0.637264343
33,2001,d9,0.187196897,10605.24605,6.47606E+13,6106469086,0.1,0.056159069,0.637264343
33,2001,d10,0.519399104,10605.24605,6.47606E+13,6106469086,0,0.05193991,0.637264343
33,2002,d1,0.00567414,10777.54794,6.64787E+13,6168257576,0.9,0.010780866,0.638288181
33,2002,d2,0.011246213,10777.54794,6.64787E+13,6168257576,0.8,0.019118562,0.638288181
33,2002,d3,0.016788385,10777.54794,6.64787E+13,6168257576,0.7,0.025182577,0.638288181
33,2002,d4,0.02295414,10777.54794,6.64787E+13,6168257576,0.6,0.029840382,0.638288181
33,2002,d5,0.0309354,10777.54794,6.64787E+13,6168257576,0.5,0.03402894,0.638288181
33,2002,d6,0.043461654,10777.54794,6.64787E+13,6168257576,0.4,0.039115489,0.638288181
33,2002,d7,0.062983976,10777.54794,6.64787E+13,6168257576,0.3,0.044088783,0.638288181
33,2002,d8,0.104452589,10777.54794,6.64787E+13,6168257576,0.2,0.052226294,0.638288181
33,2002,d9,0.185897881,10777.54794,6.64787E+13,6168257576,0.1,0.055769364,0.638288181
33,2002,d10,0.515605623,10777.54794,6.64787E+13,6168257576,0,0.051560562,0.638288181
33,2003,d1,0.005696091,11068.54176,6.88093E+13,6216653753,0.9,0.010822573,0.62978643
33,2003,d2,0.011634761,11068.54176,6.88093E+13,6216653753,0.8,0.019779093,0.62978643
33,2003,d3,0.01823859,11068.54176,6.88093E+13,6216653753,0.7,0.027357885,0.62978643
33,2003,d4,0.02494247,11068.54176,6.88093E+13,6216653753,0.6,0.032425211,0.62978643
33,2003,d5,0.033720317,11068.54176,6.88093E+13,6216653753,0.5,0.037092349,0.62978643
33,2003,d6,0.045197305,11068.54176,6.88093E+13,6216653753,0.4,0.040677574,0.62978643
33,2003,d7,0.063590006,11068.54176,6.88093E+13,6216653753,0.3,0.044513004,0.62978643
33,2003,d8,0.102099153,11068.54176,6.88093E+13,6216653753,0.2,0.051049577,0.62978643
33,2003,d9,0.185040869,11068.54176,6.88093E+13,6216653753,0.1,0.055512261,0.62978643
33,2003,d10,0.509840438,11068.54176,6.88093E+13,6216653753,0,0.050984044,0.62978643
33,2004,d1,0.00542213,11454.93721,7.20425E+13,6289210891,0.9,0.010302048,0.626313533
33,2004,d2,0.011369466,11454.93721,7.20425E+13,6289210891,0.8,0.019328091,0.626313533
33,2004,d3,0.017990561,11454.93721,7.20425E+13,6289210891,0.7,0.026985841,0.626313533
33,2004,d4,0.024794989,11454.93721,7.20425E+13,6289210891,0.6,0.032233485,0.626313533
33,2004,d5,0.033907958,11454.93721,7.20425E+13,6289210891,0.5,0.037298754,0.626313533
33,2004,d6,0.045632975,11454.93721,7.20425E+13,6289210891,0.4,0.041069678,0.626313533
33,2004,d7,0.065773747,11454.93721,7.20425E+13,6289210891,0.3,0.046041623,0.626313533
33,2004,d8,0.108073117,11454.93721,7.20425E+13,6289210891,0.2,0.054036559,0.626313533
33,2004,d9,0.188434412,11454.93721,7.20425E+13,6289210891,0.1,0.056530324,0.626313533
33,2004,d10,0.498600645,11454.93721,7.20425E+13,6289210891,0,0.049860064,0.626313533
33,2005,d1,0.005359706,11791.30318,7.51792E+13,6375813986,0.9,0.010183442,0.628446301
33,2005,d2,0.011192247,11791.30318,7.51792E+13,6375813986,0.8,0.019026821,0.628446301
33,2005,d3,0.017419964,11791.30318,7.51792E+13,6375813986,0.7,0.026129946,0.628446301
33,2005,d4,0.024249298,11791.30318,7.51792E+13,6375813986,0.6,0.031524087,0.628446301
33,2005,d5,0.033606107,11791.30318,7.51792E+13,6375813986,0.5,0.036966717,0.628446301
33,2005,d6,0.045967066,11791.30318,7.51792E+13,6375813986,0.4,0.04137036,0.628446301
33,2005,d7,0.065391899,11791.30318,7.51792E+13,6375813986,0.3,0.04577433,0.628446301
33,2005,d8,0.109698014,11791.30318,7.51792E+13,6375813986,0.2,0.054849007,0.628446301
33,2005,d9,0.185087101,11791.30318,7.51792E+13,6375813986,0.1,0.05552613,0.628446301
33,2005,d10,0.502028597,11791.30318,7.51792E+13,6375813986,0,0.05020286,0.628446301
33,2006,d1,0.005156887,12277.04957,7.96766E+13,6489881015,0.9,0.009798085,0.627711074
33,2006,d2,0.010895994,12277.04957,7.96766E+13,6489881015,0.8,0.018523189,0.627711074
33,2006,d3,0.0167755,12277.04957,7.96766E+13,6489881015,0.7,0.02516325,0.627711074
33,2006,d4,0.023659144,12277.04957,7.96766E+13,6489881015,0.6,0.030756887,0.627711074
33,2006,d5,0.032875643,12277.04957,7.96766E+13,6489881015,0.5,0.036163207,0.627711074
33,2006,d6,0.04594922,12277.04957,7.96766E+13,6489881015,0.4,0.041354298,0.627711074
33,2006,d7,0.068688347,12277.04957,7.96766E+13,6489881015,0.3,0.048081843,0.627711074
33,2006,d8,0.109906471,12277.04957,7.96766E+13,6489881015,0.2,0.054953235,0.627711074
33,2006,d9,0.194428266,12277.04957,7.96766E+13,6489881015,0.1,0.05832848,0.627711074
33,2006,d10,0.491664531,12277.04957,7.96766E+13,6489881015,0,0.049166453,0.627711074
33,2007,d1,0.005553134,12583.18268,8.4222E+13,6693218798,0.9,0.010550955,0.616817716
33,2007,d2,0.011780768,12583.18268,8.4222E+13,6693218798,0.8,0.020027305,0.616817716
33,2007,d3,0.017832248,12583.18268,8.4222E+13,6693218798,0.7,0.026748373,0.616817716
33,2007,d4,0.02474748,12583.18268,8.4222E+13,6693218798,0.6,0.032171724,0.616817716
33,2007,d5,0.034243143,12583.18268,8.4222E+13,6693218798,0.5,0.037667457,0.616817716
33,2007,d6,0.047141625,12583.18268,8.4222E+13,6693218798,0.4,0.042427463,0.616817716
33,2007,d7,0.071352741,12583.18268,8.4222E+13,6693218798,0.3,0.049946919,0.616817716
33,2007,d8,0.112456327,12583.18268,8.4222E+13,6693218798,0.2,0.056228163,0.616817716
33,2007,d9,0.199623362,12583.18268,8.4222E+13,6693218798,0.1,0.059887009,0.616817716
33,2007,d10,0.475269172,12583.18268,8.4222E+13,6693218798,0,0.047526917,0.616817716
33,2008,d1,0.006234909,12995.76392,8.64994E+13,6655967131,0.9,0.011846326,0.606945098
33,2008,d2,0.01300561,12995.76392,8.64994E+13,6655967131,0.8,0.022109536,0.606945098
33,2008,d3,0.019353351,12995.76392,8.64994E+13,6655967131,0.7,0.029030026,0.606945098
33,2008,d4,0.026539089,12995.76392,8.64994E+13,6655967131,0.6,0.034500815,0.606945098
33,2008,d5,0.036329774,12995.76392,8.64994E+13,6655967131,0.5,0.039962751,0.606945098
33,2008,d6,0.050004637,12995.76392,8.64994E+13,6655967131,0.4,0.045004173,0.606945098
33,2008,d7,0.072760627,12995.76392,8.64994E+13,6655967131,0.3,0.050932439,0.606945098
33,2008,d8,0.109923655,12995.76392,8.64994E+13,6655967131,0.2,0.054961827,0.606945098
33,2008,d9,0.190610857,12995.76392,8.64994E+13,6655967131,0.1,0.057183257,0.606945098
33,2008,d10,0.475237492,12995.76392,8.64994E+13,6655967131,0,0.047523749,0.606945098
33,2009,d1,0.006368186,12776.85237,8.57963E+13,6714979882,0.9,0.012099553,0.602546538
33,2009,d2,0.013361349,12776.85237,8.57963E+13,6714979882,0.8,0.022714293,0.602546538
33,2009,d3,0.019848038,12776.85237,8.57963E+13,6714979882,0.7,0.029772056,0.602546538
33,2009,d4,0.026827366,12776.85237,8.57963E+13,6714979882,0.6,0.034875576,0.602546538
33,2009,d5,0.036379991,12776.85237,8.57963E+13,6714979882,0.5,0.04001799,0.602546538
33,2009,d6,0.050130041,12776.85237,8.57963E+13,6714979882,0.4,0.045117037,0.602546538
33,2009,d7,0.073121423,12776.85237,8.57963E+13,6714979882,0.3,0.051184996,0.602546538
33,2009,d8,0.111259182,12776.85237,8.57963E+13,6714979882,0.2,0.055629591,0.602546538
33,2009,d9,0.198859634,12776.85237,8.57963E+13,6714979882,0.1,0.05965789,0.602546538
33,2009,d10,0.463844791,12776.85237,8.57963E+13,6714979882,0,0.046384479,0.602546538
33,2010,d1,0.006880547,13224.34319,8.97157E+13,6784130919,0.9,0.013073039,0.588093295
33,2010,d2,0.014639797,13224.34319,8.97157E+13,6784130919,0.8,0.024887654,0.588093295
33,2010,d3,0.02134021,13224.34319,8.97157E+13,6784130919,0.7,0.032010316,0.588093295
33,2010,d4,0.028447782,13224.34319,8.97157E+13,6784130919,0.6,0.036982117,0.588093295
33,2010,d5,0.038846581,13224.34319,8.97157E+13,6784130919,0.5,0.042731239,0.588093295
33,2010,d6,0.052576786,13224.34319,8.97157E+13,6784130919,0.4,0.047319107,0.588093295
33,2010,d7,0.076844502,13224.34319,8.97157E+13,6784130919,0.3,0.053791151,0.588093295
33,2010,d8,0.113696357,13224.34319,8.97157E+13,6784130919,0.2,0.056848178,0.588093295
33,2010,d9,0.197955794,13224.34319,8.97157E+13,6784130919,0.1,0.059386738,0.588093295
33,2010,d10,0.448771644,13224.34319,8.97157E+13,6784130919,0,0.044877164,0.588093295
33,2011,d1,0.006353385,13612.51867,9.3275E+13,6852145630,0.9,0.012071431,0.589258424
33,2011,d2,0.013772758,13612.51867,9.3275E+13,6852145630,0.8,0.023413689,0.589258424
33,2011,d3,0.020660284,13612.51867,9.3275E+13,6852145630,0.7,0.030990426,0.589258424
33,2011,d4,0.028564464,13612.51867,9.3275E+13,6852145630,0.6,0.037133803,0.589258424
33,2011,d5,0.039237643,13612.51867,9.3275E+13,6852145630,0.5,0.043161407,0.589258424
33,2011,d6,0.05373873,13612.51867,9.3275E+13,6852145630,0.4,0.048364857,0.589258424
33,2011,d7,0.078414276,13612.51867,9.3275E+13,6852145630,0.3,0.054889994,0.589258424
33,2011,d8,0.114721767,13612.51867,9.3275E+13,6852145630,0.2,0.057360883,0.589258424
33,2011,d9,0.194507085,13612.51867,9.3275E+13,6852145630,0.1,0.058352126,0.589258424
33,2011,d10,0.450029608,13612.51867,9.3275E+13,6852145630,0,0.045002961,0.589258424
33,2012,d1,0.005639421,13879.22734,9.61627E+13,6928533147,0.9,0.010714901,0.591545918
33,2012,d2,0.012811773,13879.22734,9.61627E+13,6928533147,0.8,0.021780014,0.591545918
33,2012,d3,0.019319183,13879.22734,9.61627E+13,6928533147,0.7,0.028978774,0.591545918
33,2012,d4,0.028195054,13879.22734,9.61627E+13,6928533147,0.6,0.036653571,0.591545918
33,2012,d5,0.039411177,13879.22734,9.61627E+13,6928533147,0.5,0.043352294,0.591545918
33,2012,d6,0.055095437,13879.22734,9.61627E+13,6928533147,0.4,0.049585893,0.591545918
33,2012,d7,0.079110336,13879.22734,9.61627E+13,6928533147,0.3,0.055377235,0.591545918
33,2012,d8,0.118377312,13879.22734,9.61627E+13,6928533147,0.2,0.059188656,0.591545918
33,2012,d9,0.193093569,13879.22734,9.61627E+13,6928533147,0.1,0.057928071,0.591545918
33,2012,d10,0.448946738,13879.22734,9.61627E+13,6928533147,0,0.044894674,0.591545918
33,2013,d1,0.005477532,14153.24525,9.88192E+13,6982089215,0.9,0.01040731,0.58661297
33,2013,d2,0.012006649,14153.24525,9.88192E+13,6982089215,0.8,0.020411303,0.58661297
33,2013,d3,0.019209067,14153.24525,9.88192E+13,6982089215,0.7,0.028813601,0.58661297
33,2013,d4,0.027872776,14153.24525,9.88192E+13,6982089215,0.6,0.036234608,0.58661297
33,2013,d5,0.039757655,14153.24525,9.88192E+13,6982089215,0.5,0.043733421,0.58661297
33,2013,d6,0.056685919,14153.24525,9.88192E+13,6982089215,0.4,0.051017328,0.58661297
33,2013,d7,0.082779297,14153.24525,9.88192E+13,6982089215,0.3,0.057945508,0.58661297
33,2013,d8,0.124940248,14153.24525,9.88192E+13,6982089215,0.2,0.062470124,0.58661297
33,2013,d9,0.196133703,14153.24525,9.88192E+13,6982089215,0.1,0.058840111,0.58661297
33,2013,d10,0.435137153,14153.24525,9.88192E+13,6982089215,0,0.043513715,0.58661297
33,2014,d1,0.005401087,14436.03603,1.01805E+14,7052120287,0.9,0.010262065,0.584102802
33,2014,d2,0.012516659,14436.03603,1.01805E+14,7052120287,0.8,0.02127832,0.584102802
33,2014,d3,0.019862365,14436.03603,1.01805E+14,7052120287,0.7,0.029793547,0.584102802
33,2014,d4,0.029295456,14436.03603,1.01805E+14,7052120287,0.6,0.038084093,0.584102802
33,2014,d5,0.041521123,14436.03603,1.01805E+14,7052120287,0.5,0.045673236,0.584102802
33,2014,d6,0.056924093,14436.03603,1.01805E+14,7052120287,0.4,0.051231684,0.584102802
33,2014,d7,0.082212096,14436.03603,1.01805E+14,7052120287,0.3,0.057548467,0.584102802
33,2014,d8,0.121411133,14436.03603,1.01805E+14,7052120287,0.2,0.060705566,0.584102802
33,2014,d9,0.191173106,14436.03603,1.01805E+14,7052120287,0.1,0.057351932,0.584102802
33,2014,d10,0.439682882,14436.03603,1.01805E+14,7052120287,0,0.043968288,0.584102802
33,2015,d1,0.005346436,14696.48898,1.04346E+14,7100090991,0.9,0.010158229,0.58363079
33,2015,d2,0.012371886,14696.48898,1.04346E+14,7100090991,0.8,0.021032207,0.58363079
33,2015,d3,0.0199372,14696.48898,1.04346E+14,7100090991,0.7,0.029905799,0.58363079
33,2015,d4,0.029317777,14696.48898,1.04346E+14,7100090991,0.6,0.03811311,0.58363079
33,2015,d5,0.041576876,14696.48898,1.04346E+14,7100090991,0.5,0.045734563,0.58363079
33,2015,d6,0.057435701,14696.48898,1.04346E+14,7100090991,0.4,0.051692131,0.58363079
33,2015,d7,0.082743952,14696.48898,1.04346E+14,7100090991,0.3,0.057920766,0.58363079
33,2015,d8,0.121719654,14696.48898,1.04346E+14,7100090991,0.2,0.060859827,0.58363079
33,2015,d9,0.189987623,14696.48898,1.04346E+14,7100090991,0.1,0.056996287,0.58363079
33,2015,d10,0.439562895,14696.48898,1.04346E+14,7100090991,0,0.043956289,0.58363079
